firstname,lastname,city,mobile,address
Test1,Last1,Bangalore,1234567893,"123,gh,5th cross Bangalore"
Test2,Last2,Bangalore,1234567894,"124,gh,5th cross Bangalore"
Test3,Last3,Bangalore,1234567895,"125,gh,5th cross Bangalore"
Test4,Last4,Bangalore,1234567896,"126,gh,5th cross Bangalore"
Test5,Last5,Bangalore,1234567897,"127,gh,5th cross Bangalore"
Test6,Last6,Bangalore,1234567898,"128,gh,5th cross Bangalore"
Test7,Last7,Bangalore,1234567899,"129,gh,5th cross Bangalore"
Test8,Last8,Bangalore,1234567900,"130,gh,5th cross Bangalore"
Test9,Last9,Bangalore,1234567901,"131,gh,5th cross Bangalore"
Test10,Last10,Bangalore,1234567902,"132,gh,5th cross Bangalore"
